Sample,Sample_number,Category,Tissue,Year,Plot,Plantrep,P.variety,Treatment,Isolate_code,Name,Barcode to give SeqCenter
Soil2206AI,1,True Sample,Soil,2022,2206,A,AP-3,Irrigated,1,PCR_R_bc481,TCCGTGGTAT
Soil2206BI,2,True Sample,Soil,2022,2206,B,AP-3,Irrigated,2,PCR_R_bc482,AGTTGTAGTC
Soil2206CI,3,True Sample,Soil,2022,2206,C,AP-3,Irrigated,3,PCR_R_bc483,CTTGTCTGGA
Soil2208AI,4,True Sample,Soil,2022,2208,A,PI502120,Irrigated,4,PCR_R_bc484,TCTACGGCAC
Soil2208BI,5,True Sample,Soil,2022,2208,B,PI502120,Irrigated,5,PCR_R_bc485,CACGAGCTAC
Soil2208CI,6,True Sample,Soil,2022,2208,C,PI502120,Irrigated,6,PCR_R_bc486,ACCGCATCAA
Soil2301AI,7,True Sample,Soil,2022,2301,A,PI502120,Irrigated,7,PCR_R_bc487,ATGCTGCAAC
Soil2301BI,8,True Sample,Soil,2022,2301,B,PI502120,Irrigated,8,PCR_R_bc488,AAGGTCAATC
Soil2301CI,9,True Sample,Soil,2022,2301,C,PI502120,Irrigated,9,PCR_R_bc489,ACCTACTTGT
Soil2302AI,10,True Sample,Soil,2022,2302,A,AP-3,Irrigated,10,PCR_R_bc490,ACTGGATCTC
Soil2302BI,11,True Sample,Soil,2022,2302,B,AP-3,Irrigated,11,PCR_R_bc491,TCAAGGGACC
Soil2302CI,12,True Sample,Soil,2022,2302,C,AP-3,Irrigated,12,PCR_R_bc492,TGCAGTCCTC
Soil2404AI,13,True Sample,Soil,2022,2404,A,PI502120,Irrigated,13,PCR_R_bc493,AAGTCGACAC
Soil2404BI,14,True Sample,Soil,2022,2404,B,PI502120,Irrigated,14,PCR_R_bc494,GTACGATATG
Soil2404CI,15,True Sample,Soil,2022,2404,C,PI502120,Irrigated,15,PCR_R_bc495,AACATTGCAG
Soil2406AI,16,True Sample,Soil,2022,2406,A,AP-3,Irrigated,16,PCR_R_bc496,CCGTGACAAC
Soil2406BI,17,True Sample,Soil,2022,2406,B,AP-3,Irrigated,17,PCR_R_bc497,TCGTCAAACC
Soil2406CI,18,True Sample,Soil,2022,2406,C,AP-3,Irrigated,18,PCR_R_bc498,CCATGAAGTG
Soil2505AD,19,True Sample,Soil,2022,2505,A,AP-3,Drought,19,PCR_R_bc499,GGAATTATCG
Soil2505BD,20,True Sample,Soil,2022,2505,B,AP-3,Drought,20,PCR_R_bc500,TAGACACCGT
Soil2505CD,21,True Sample,Soil,2022,2505,C,AP-3,Drought,21,PCR_R_bc501,TCCACAGGGT
Soil2506AD,22,True Sample,Soil,2022,2506,A,PI502120,Drought,22,PCR_R_bc502,TCATTAGCGT
Soil2506BD,23,True Sample,Soil,2022,2506,B,PI502120,Drought,23,PCR_R_bc503,CATCGCGTTG
Soil_NC1,24,NEC,na,na,na,na,na,na,NEC,PCR_R_bc504,ATGTCGAATA
Soil2506CD,25,True Sample,Soil,2022,2506,C,PI502120,Drought,24,PCR_R_bc505,TTATGTACGG
Soil2705AD,26,True Sample,Soil,2022,2705,A,AP-3,Drought,25,PCR_R_bc506,TCGGGCTCTT
Soil2705BD,27,True Sample,Soil,2022,2705,B,AP-3,Drought,26,PCR_R_bc507,GCGTAGAGAG
Soil2705CD,28,True Sample,Soil,2022,2705,C,AP-3,Drought,27,PCR_R_bc508,AACCAGCAGA
Soil2709AD,29,True Sample,Soil,2022,2709,A,PI502120,Drought,28,PCR_R_bc509,TAATCGGTGC
Soil2709BD,30,True Sample,Soil,2022,2709,B,PI502120,Drought,29,PCR_R_bc510,GGCAAATACA
Soil2709CD,31,True Sample,Soil,2022,2709,C,PI502120,Drought,30,PCR_R_bc511,CACAAGTATC
Soil2805AD,32,True Sample,Soil,2022,2805,A,AP-3,Drought,31,PCR_R_bc512,CTACAGGGTC
Soil2805BD,33,True Sample,Soil,2022,2805,B,AP-3,Drought,32,PCR_R_bc513,GTCATGCTCC
Soil2805CD,34,True Sample,Soil,2022,2805,C,AP-3,Drought,33,PCR_R_bc514,ATCGGGCTTA
Soil2809AD,35,True Sample,Soil,2022,2809,A,PI502120,Drought,34,PCR_R_bc515,CCTAGTAAGC
Soil2809BD,36,True Sample,Soil,2022,2809,B,PI502120,Drought,35,PCR_R_bc516,TTACCGACGA
Soil2809CD,37,True Sample,Soil,2022,2809,C,PI502120,Drought,36,PCR_R_bc517,TTACCTTACA
Root2301AI,38,True Sample,Root,2022,2301,A,PI502120,Irrigated,37,PCR_R_bc518,TGACTAATGG
Root2301BI,39,True Sample,Root,2022,2301,B,PI502120,Irrigated,38,PCR_R_bc519,GCATGCATCC
Root2301CI,40,True Sample,Root,2022,2301,C,PI502120,Irrigated,39,PCR_R_bc520,GACAGTAGCT
Root2302AI,41,True Sample,Root,2022,2302,A,AP-3,Irrigated,40,PCR_R_bc521,TGAACGTTGG
Root2302BI,42,True Sample,Root,2022,2302,B,AP-3,Irrigated,41,PCR_R_bc522,AGTGTGAACG
Root2302CI,43,True Sample,Root,2022,2302,C,AP-3,Irrigated,42,PCR_R_bc523,ATTGCAAGCA
Root2404AI,44,True Sample,Root,2022,2404,A,PI502120,Irrigated,43,PCR_R_bc524,ATCACCAGGT
Root2404BI,45,True Sample,Root,2022,2404,B,PI502120,Irrigated,44,PCR_R_bc525,TTGATCCGGT
Root2404CI,46,True Sample,Root,2022,2404,C,PI502120,Irrigated,45,PCR_R_bc526,CACAGTTGAA
Root2406AI,47,True Sample,Root,2022,2406,A,AP-3,Irrigated,46,PCR_R_bc527,CTAGGATCAC
Root_NC2,48,NEC,na,na,na,na,na,na,NEC,PCR_R_bc528,GCTGTTTGAC
Root2406BI,49,True Sample,Root,2022,2406,B,AP-3,Irrigated,47,PCR_R_bc529,GATGACCCAA
Root2406CI,50,True Sample,Root,2022,2406,C,AP-3,Irrigated,48,PCR_R_bc530,CGAATACTGA
Root2505AD,51,True Sample,Root,2022,2505,A,AP-3,Drought,49,PCR_R_bc531,TATCCTGGTT
Root2505BD,52,True Sample,Root,2022,2505,B,AP-3,Drought,50,PCR_R_bc532,ACCGGAGTAG
Root2505CD,53,True Sample,Root,2022,2505,C,AP-3,Drought,51,PCR_R_bc533,TAAGCTAAAC
Root2506AD,54,True Sample,Root,2022,2506,A,PI502120,Drought,52,PCR_R_bc534,CGGGTGTTTG
Root2506BD,55,True Sample,Root,2022,2506,B,PI502120,Drought,53,PCR_R_bc535,TTGGAACGGC
Root2506CD,56,True Sample,Root,2022,2506,C,PI502120,Drought,54,PCR_R_bc536,CATTGGGAGT
Root2705AD,57,True Sample,Root,2022,2705,A,AP-3,Drought,55,PCR_R_bc537,GATCGGTTAA
Root2705BD,58,True Sample,Root,2022,2705,B,AP-3,Drought,56,PCR_R_bc538,TGACCGGCTG
Root2705CD,59,True Sample,Root,2022,2705,C,AP-3,Drought,57,PCR_R_bc539,CAGCGACTGT
Root2709AD,60,True Sample,Root,2022,2709,A,PI502120,Drought,58,PCR_R_bc540,AGCGACGAAG
Root2709BD,61,True Sample,Root,2022,2709,B,PI502120,Drought,59,PCR_R_bc541,GAACACTTTG
Root2709CD,62,True Sample,Root,2022,2709,C,PI502120,Drought,60,PCR_R_bc542,GAGCCCAAAG
Root2805AD,63,True Sample,Root,2022,2805,A,AP-3,Drought,61,PCR_R_bc543,CTTCCCTAAC
Root2805BD,64,True Sample,Root,2022,2805,B,AP-3,Drought,62,PCR_R_bc544,CGATCACCAC
Root2805CD,65,True Sample,Root,2022,2805,C,AP-3,Drought,63,PCR_R_bc545,GCCCAAGTTC
Root2809AD,66,True Sample,Root,2022,2809,A,PI502120,Drought,64,PCR_R_bc546,GATATACCAG
Root2809BD,67,True Sample,Root,2022,2809,B,PI502120,Drought,65,PCR_R_bc547,GTAGACATGT
Root2809CD,68,True Sample,Root,2022,2809,C,PI502120,Drought,66,PCR_R_bc548,TACAGTTACG
Peg2301AI,69,True Sample,Peg,2022,2301,A,PI502120,Irrigated,67,PCR_R_bc549,ATCCCAGCAT
Peg2301BI,70,True Sample,Peg,2022,2301,B,PI502120,Irrigated,68,PCR_R_bc550,GAGCCATCTG
Peg2301CI,71,True Sample,Peg,2022,2301,C,PI502120,Irrigated,69,PCR_R_bc551,CTGAGCTCTG
Peg_NC3,72,NEC,na,na,na,na,na,na,NEC,PCR_R_bc552,GCTTCCAGAC
Peg2302AI,73,True Sample,Peg,2022,2302,A,AP-3,Irrigated,70,PCR_R_bc553,CTTCGACTTT
Peg2302BI,74,True Sample,Peg,2022,2302,B,AP-3,Irrigated,71,PCR_R_bc554,GTCCGCAAGT
Peg2302CI,75,True Sample,Peg,2022,2302,C,AP-3,Irrigated,72,PCR_R_bc555,ATCCGTCTGA
Peg2404AI,76,True Sample,Peg,2022,2404,A,PI502120,Irrigated,73,PCR_R_bc556,CGTAGAGCTC
Peg2404BI,77,True Sample,Peg,2022,2404,B,PI502120,Irrigated,74,PCR_R_bc557,CCTCTGAGAG
Peg2404CI,78,True Sample,Peg,2022,2404,C,PI502120,Irrigated,75,PCR_R_bc558,CCTCGGGTAC
Peg2505AD,79,True Sample,Peg,2022,2505,A,AP-3,Drought,76,PCR_R_bc559,CGTGCACAAT
Peg2505BD,80,True Sample,Peg,2022,2505,B,AP-3,Drought,77,PCR_R_bc560,TAACGTGTGT
Peg2505CD,81,True Sample,Peg,2022,2505,C,AP-3,Drought,78,PCR_R_bc561,TTGACCGCGG
Peg2506AD,82,True Sample,Peg,2022,2506,A,PI502120,Drought,79,PCR_R_bc562,TACGTGATCC
Peg2506BD,83,True Sample,Peg,2022,2506,B,PI502120,Drought,80,PCR_R_bc563,TGGGTAGATC
Peg2506CD,84,True Sample,Peg,2022,2506,C,PI502120,Drought,81,PCR_R_bc564,AGCAATCGGT
Peg2705AD,85,True Sample,Peg,2022,2705,A,AP-3,Drought,82,PCR_R_bc565,GTTGGACGAA
Peg2705BD,86,True Sample,Peg,2022,2705,B,AP-3,Drought,83,PCR_R_bc566,TTGGGTACAC
Peg2705CD,87,True Sample,Peg,2022,2705,C,AP-3,Drought,84,PCR_R_bc567,ACACTATGAA
Peg2709AD,88,True Sample,Peg,2022,2709,A,PI502120,Drought,85,PCR_R_bc568,ACGGAAATCC
Peg_NC4,89,NEC,na,na,na,na,na,na,NEC,PCR_R_bc569,GGTTTCTATC
Peg2709BD,90,True Sample,Peg,2022,2709,B,PI502120,Drought,86,PCR_R_bc570,TGGTTATGGC
Peg2709CD,91,True Sample,Peg,2022,2709,C,PI502120,Drought,87,PCR_R_bc571,TCGGTTACGC
Peg2805AD,92,True Sample,Peg,2022,2805,A,AP-3,Drought,88,PCR_R_bc572,CGAGGTTCTG
Peg2805BD,93,True Sample,Peg,2022,2805,B,AP-3,Drought,89,PCR_R_bc573,TGCTACAGAC
Peg2805CD,94,True Sample,Peg,2022,2805,C,AP-3,Drought,90,PCR_R_bc574,GTGCAACCAA
Soil_NC5,95,PCR1_NC_110123,na,na,na,na,na,na,na,PCR_R_bc575,TGAGTGGTCT
Soil_PC1,96,PCR1PosControl,na,na,na,na,na,na,na,PCR_R_bc576,CGATTGTTCC
Peg2809AD,97,True Sample,Peg,2022,2809,A,PI502120,Drought,91,PCR_R_bc673,ACAGGGTTTG
Peg2809BD,98,True Sample,Peg,2022,2809,B,PI502120,Drought,92,PCR_R_bc674,ACGAGTTTAC
Peg2809CD,99,True Sample,Peg,2022,2809,C,PI502120,Drought,93,PCR_R_bc675,TGGTCAACGA
Peg2406AI,100,True Sample,Peg,2022,2406,A,AP-3,Irrigated,94,PCR_R_bc676,AAGCCCAGCA
Peg2406BI,101,True Sample,Peg,2022,2406,B,AP-3,Irrigated,95,PCR_R_bc677,CAAACCTATG
Peg2406CI,102,True Sample,Peg,2022,2406,C,AP-3,Irrigated,96,PCR_R_bc678,GGTGAAACCT
Peg2206AI,103,True Sample,Peg,2022,2206,A,AP-3,Irrigated,97,PCR_R_bc679,ACCATCCAAC
Peg2206BI,104,True Sample,Peg,2022,2206,B,AP-3,Irrigated,98,PCR_R_bc680,GCAAGTGTGA
Peg2206CI,105,True Sample,Peg,2022,2206,C,AP-3,Irrigated,99,PCR_R_bc681,GCAATAGGAG
Peg2208AI,106,True Sample,Peg,2022,2208,A,PI502120,Irrigated,100,PCR_R_bc682,GCGCTTAGAA
Peg2208BI,107,True Sample,Peg,2022,2208,B,PI502120,Irrigated,101,PCR_R_bc683,AGGTGTATCA
Peg2208CI,108,True Sample,Peg,2022,2208,C,PI502120,Irrigated,102,PCR_R_bc684,CATAGGCCAT
Root2206AI,109,True Sample,Root,2022,2206,A,AP-3,Irrigated,103,PCR_R_bc685,CGACACGGAG
Root2206BI,110,True Sample,Root,2022,2206,B,AP-3,Irrigated,104,PCR_R_bc686,GAACCTATGA
Root2206CI,111,True Sample,Root,2022,2206,C,AP-3,Irrigated,105,PCR_R_bc687,CCTTGGAATC
Root2208AI,112,True Sample,Root,2022,2208,A,PI502120,Irrigated,106,PCR_R_bc688,CACTTGCTCT
Root2208BI,113,True Sample,Root,2022,2208,B,PI502120,Irrigated,107,PCR_R_bc689,GAACAGCTCT
Root2208CI,114,True Sample,Root,2022,2208,C,PI502120,Irrigated,108,PCR_R_bc690,GCCAATCCAA
Root_NC5,115,NEC,na,na,na,na,na,na,na,PCR_R_bc691,CCTTCAATGG
Soil_NC6,116,PCR2_NC_110123,na,na,na,na,na,na,na,PCR_R_bc692,CTGGAACATT
Soil_NC7,117,PCR3_NC_110123,na,na,na,na,na,na,na,PCR_R_bc693,TGGTCGCATC
Soil_PC2,118,PCR2PosControl,na,na,na,na,na,na,na,PCR_R_bc694,TTAGCCCAGC
Soil_PC3,119,PCR3PosControl,na,na,na,na,na,na,na,PCR_R_bc695,AATGGTTCAG
Soil_PC4,120,PCR4PosControl,na,na,na,na,na,na,na,PCR_R_bc696,ACATACTGAG
Soil1101AIrrigated2023,121,True Sample,Soil,2023,1101,A,PI502120,Irrigated,109,PCR_R_bc385,GACGCACTAA
Soil1101BIrrigated2023,122,True Sample,Soil,2023,1101,B,PI502120,Irrigated,110,PCR_R_bc386,TCTCCGTTCC
Soil1101CIrrigated2023,123,True Sample,Soil,2023,1101,C,PI502120,Irrigated,111,PCR_R_bc387,CTGATTACGA
Soil1102AIrrigated2023,124,True Sample,Soil,2023,1102,A,AP-3,Irrigated,112,PCR_R_bc388,TAAGGCATCG
Soil1102BIrrigated2023,125,True Sample,Soil,2023,1102,B,AP-3,Irrigated,113,PCR_R_bc389,ACCCATACAG
Soil1102CIrrigated2023,126,True Sample,Soil,2023,1102,C,AP-3,Irrigated,114,PCR_R_bc390,TCTGAATGGT
Soil1202ADrought2023,127,True Sample,Soil,2023,1202,A,AP-3,Drought,115,PCR_R_bc391,CGCACTACGC
Soil1202BDrought2023,128,True Sample,Soil,2023,1202,B,AP-3,Drought,116,PCR_R_bc392,TAGATCCTCG
Soil1202CDrought2023,129,True Sample,Soil,2023,1202,C,AP-3,Drought,117,PCR_R_bc393,TCGGACAGTG
Soil1204ADrought2023,130,True Sample,Soil,2023,1204,A,PI502120,Drought,118,PCR_R_bc394,ATAATTGCCG
Soil1204BDrought2023,131,True Sample,Soil,2023,1204,B,PI502120,Drought,119,PCR_R_bc395,CGTGACAATA
Soil1204CDrought2023,132,True Sample,Soil,2023,1204,C,PI502120,Drought,120,PCR_R_bc396,CAGTAAATCG
Soil1302ADrought2023,133,True Sample,Soil,2023,1302,A,PI502120,Drought,121,PCR_R_bc397,CAAGTTTCCG
Soil1302BDrought2023,134,True Sample,Soil,2023,1302,B,PI502120,Drought,122,PCR_R_bc398,CTCTTCTGAT
Soil1302CDrought2023,135,True Sample,Soil,2023,1302,C,PI502120,Drought,123,PCR_R_bc399,ACGAAAGAGC
Soil1304ADrought2023,136,True Sample,Soil,2023,1304,A,AP-3,Drought,124,PCR_R_bc400,TGATGAACCC
Soil1304BDrought2023,137,True Sample,Soil,2023,1304,B,AP-3,Drought,125,PCR_R_bc401,GCTCTTATGC
Soil1304CDrought2023,138,True Sample,Soil,2023,1304,C,AP-3,Drought,126,PCR_R_bc402,ATGCTAACCA
Soil1401AIrrigated2023,139,True Sample,Soil,2023,1401,A,PI502120,Irrigated,127,PCR_R_bc403,ACCAATCTCG
Soil1401BIrrigated2023,140,True Sample,Soil,2023,1401,B,PI502120,Irrigated,128,PCR_R_bc404,CGACCTCGCA
Soil1401CIrrigated2023,141,True Sample,Soil,2023,1401,C,PI502120,Irrigated,129,PCR_R_bc405,GGAAGTGGCC
Soil1403AIrrigated2023,142,True Sample,Soil,2023,1403,A,AP-3,Irrigated,130,PCR_R_bc406,GTACTGAAGA
Soil1403BIrrigated2023,143,True Sample,Soil,2023,1403,B,AP-3,Irrigated,131,PCR_R_bc407,GATAATGTGC
Soil1403CIrrigated2023,144,True Sample,Soil,2023,1403,C,AP-3,Irrigated,132,PCR_R_bc408,CTCTGAGGTA
Soil1501AIrrigated2023,145,True Sample,Soil,2023,1501,A,AP-3,Irrigated,133,PCR_R_bc409,TACTGGTAAG
Soil1501BIrrigated2023,146,True Sample,Soil,2023,1501,B,AP-3,Irrigated,134,PCR_R_bc410,TTGAGAAGCA
Soil_NC1_2023,147,NEC,na,na,na,na,na,na,NEC,PCR_R_bc411,TCGCCGTGTA
Soil1501CIrrigated2023,148,True Sample,Soil,2023,1501,C,AP-3,Irrigated,135,PCR_R_bc412,TCCCGTAGCA
Soil1503AIrrigated2023,149,True Sample,Soil,2023,1503,A,PI502120,Irrigated,136,PCR_R_bc413,TGTACATCGC
Soil1503BIrrigated2023,150,True Sample,Soil,2023,1503,B,PI502120,Irrigated,137,PCR_R_bc414,GGTTCATGAA
Soil1503CIrrigated2023,151,True Sample,Soil,2023,1503,C,PI502120,Irrigated,138,PCR_R_bc415,TGTTAAGCAG
Soil1601ADrought2023,152,True Sample,Soil,2023,1601,A,AP-3,Drought,139,PCR_R_bc416,GAGCGAGTTA
Soil1601BDrought2023,153,True Sample,Soil,2023,1601,B,AP-3,Drought,140,PCR_R_bc417,GCTCAATCAG
Soil1601CDrought2023,154,True Sample,Soil,2023,1601,C,AP-3,Drought,141,PCR_R_bc418,GACCATGTAG
Soil1604ADrought2023,155,True Sample,Soil,2023,1604,A,PI502120,Drought,142,PCR_R_bc419,CACACGCCTG
Soil1604BDrought2023,156,True Sample,Soil,2023,1604,B,PI502120,Drought,143,PCR_R_bc420,TCTTCGCAGC
Soil1604CDrought2023,157,True Sample,Soil,2023,1604,C,PI502120,Drought,144,PCR_R_bc421,CAAAGCGGTA
Soil1702ADrought2023,158,True Sample,Soil,2023,1702,A,AP-3,Drought,145,PCR_R_bc422,CGAAACTACG
Soil1702BDrought2023,159,True Sample,Soil,2023,1702,B,AP-3,Drought,146,PCR_R_bc423,GAGGACCAGC
Soil1702CDrought2023,160,True Sample,Soil,2023,1702,C,AP-3,Drought,147,PCR_R_bc424,CATCTGGGCA
Soil1705ADrought2023,161,True Sample,Soil,2023,1705,A,PI502120,Drought,148,PCR_R_bc425,AATAGCATGT
Soil1705BDrought2023,162,True Sample,Soil,2023,1705,B,PI502120,Drought,149,PCR_R_bc426,TCTCATGTGG
Soil1705CDrought2023,163,True Sample,Soil,2023,1705,C,PI502120,Drought,150,PCR_R_bc427,CGGAGTAATC
Soil1801AIrrigated2023,164,True Sample,Soil,2023,1801,A,PI502120,Irrigated,151,PCR_R_bc428,CTTCGCGGAT
Soil1801BIrrigated2023,165,True Sample,Soil,2023,1801,B,PI502120,Irrigated,152,PCR_R_bc429,GTAGATCGTG
Soil1801CIrrigated2023,166,True Sample,Soil,2023,1801,C,PI502120,Irrigated,153,PCR_R_bc430,TCTGCACTGA
Soil1803AIrrigated2023,167,True Sample,Soil,2023,1803,A,AP-3,Irrigated,154,PCR_R_bc431,TCCTTCCCTG
Soil1803BIrrigated2023,168,True Sample,Soil,2023,1803,B,AP-3,Irrigated,155,PCR_R_bc432,TGTGTAGCCA
Soil1803CIrrigated2023,169,True Sample,Soil,2023,1803,C,AP-3,Irrigated,156,PCR_R_bc433,TAGGAGAGAC
Soil_NC2_2023,170,NEC,na,na,na,na,na,na,NEC,PCR_R_bc434,TGTTCCTCTC
Root1101AIrrigated2023,171,True Sample,Root,2023,1101,A,PI502120,Irrigated,157,PCR_R_bc435,CCACACGTTT
Root1101BIrrigated2023,172,True Sample,Root,2023,1101,B,PI502120,Irrigated,158,PCR_R_bc436,ACAGCATAGC
Root1101CIrrigated2023,173,True Sample,Root,2023,1101,C,PI502120,Irrigated,159,PCR_R_bc437,AATGTGGCTC
Root1102AIrrigated2023,174,True Sample,Root,2023,1102,A,AP-3,Irrigated,160,PCR_R_bc438,TCTGATCGAG
Root1102BIrrigated2023,175,True Sample,Root,2023,1102,B,AP-3,Irrigated,161,PCR_R_bc439,CCACATTGGG
Root1102CIrrigated2023,176,True Sample,Root,2023,1102,C,AP-3,Irrigated,162,PCR_R_bc440,GCTGTGATTC
Root1202ADrought2023,177,True Sample,Root,2023,1202,A,AP-3,Drought,163,PCR_R_bc441,GCCGATTGTA
Root1202BDrought2023,178,True Sample,Root,2023,1202,B,AP-3,Drought,164,PCR_R_bc442,CTAGCTATGG
Root1202CDrought2023,179,True Sample,Root,2023,1202,C,AP-3,Drought,165,PCR_R_bc443,CGGTGGAAGC
Root1204ADrought2023,180,True Sample,Root,2023,1204,A,PI502120,Drought,166,PCR_R_bc444,CTCTGCCTAA
Root1204BDrought2023,181,True Sample,Root,2023,1204,B,PI502120,Drought,167,PCR_R_bc445,CAACCACTCG
Root1204CDrought2023,182,True Sample,Root,2023,1204,C,PI502120,Drought,168,PCR_R_bc446,TGGGTCCCAC
Root1302ADrought2023,183,True Sample,Root,2023,1302,A,PI502120,Drought,169,PCR_R_bc447,CTCTATTCCA
Root1302BDrought2023,184,True Sample,Root,2023,1302,B,PI502120,Drought,170,PCR_R_bc448,TCTTAGTCGG
Root1302CDrought2023,185,True Sample,Root,2023,1302,C,PI502120,Drought,171,PCR_R_bc449,TTATGGTACG
Root1304ADrought2023,186,True Sample,Root,2023,1304,A,AP-3,Drought,172,PCR_R_bc450,GGCTGCATAC
Root1304BDrought2023,187,True Sample,Root,2023,1304,B,AP-3,Drought,173,PCR_R_bc451,GTACCGTTGC
Root1304CDrought2023,188,True Sample,Root,2023,1304,C,AP-3,Drought,174,PCR_R_bc452,TTGGTAAAGT
Root1401AIrrigated2023,189,True Sample,Root,2023,1401,A,PI502120,Irrigated,175,PCR_R_bc453,CTGATAGCAC
Root1401BIrrigated2023,190,True Sample,Root,2023,1401,B,PI502120,Irrigated,176,PCR_R_bc454,GTAATAATGC
Root1401CIrrigated2023,191,True Sample,Root,2023,1401,C,PI502120,Irrigated,177,PCR_R_bc455,AATACAGACC
Root1403AIrrigated2023,192,True Sample,Root,2023,1403,A,AP-3,Irrigated,178,PCR_R_bc456,ACTCGAAACC
Root1403BIrrigated2023,193,True Sample,Root,2023,1403,B,AP-3,Irrigated,179,PCR_R_bc457,ACCGTAAGAC
Root_NC3_2023,194,NEC,na,na,na,na,na,na,NEC,PCR_R_bc458,TCGATTGGCC
Root1403CIrrigated2023,195,True Sample,Root,2023,1403,C,AP-3,Irrigated,180,PCR_R_bc459,CACTGGTGCA
Root1501AIrrigated2023,196,True Sample,Root,2023,1501,A,AP-3,Irrigated,181,PCR_R_bc460,GCATTACTGG
Root1501BIrrigated2023,197,True Sample,Root,2023,1501,B,AP-3,Irrigated,182,PCR_R_bc461,TTGGGCCACA
Root1501CIrrigated2023,198,True Sample,Root,2023,1501,C,AP-3,Irrigated,183,PCR_R_bc462,CTAATCAGAG
Root1503AIrrigated2023,199,True Sample,Root,2023,1503,A,PI502120,Irrigated,184,PCR_R_bc463,CACACAAAGT
Root1503BIrrigated2023,200,True Sample,Root,2023,1503,B,PI502120,Irrigated,185,PCR_R_bc464,TATAATCCGA
Root1503CIrrigated2023,201,True Sample,Root,2023,1503,C,PI502120,Irrigated,186,PCR_R_bc465,GCCAAGGATA
Root1601ADrought2023,202,True Sample,Root,2023,1601,A,AP-3,Drought,187,PCR_R_bc466,TCCAGATAGC
Root1601BDrought2023,203,True Sample,Root,2023,1601,B,AP-3,Drought,188,PCR_R_bc467,GCAACCGATT
Root1601CDrought2023,204,True Sample,Root,2023,1601,C,AP-3,Drought,189,PCR_R_bc468,AATCCGGTCA
Root1604ADrought2023,205,True Sample,Root,2023,1604,A,PI502120,Drought,190,PCR_R_bc469,GGTAAAGGGT
Root1604BDrought2023,206,True Sample,Root,2023,1604,B,PI502120,Drought,191,PCR_R_bc470,GCTTTCTCAA
Root1604CDrought2023,207,True Sample,Root,2023,1604,C,PI502120,Drought,192,PCR_R_bc471,GTTCACGCCC
Root1702ADrought2023,208,True Sample,Root,2023,1702,A,AP-3,Drought,193,PCR_R_bc472,TAGGAACTCA
Root1702BDrought2023,209,True Sample,Root,2023,1702,B,AP-3,Drought,194,PCR_R_bc473,TGTATTGGAC
Root1702CDrought2023,210,True Sample,Root,2023,1702,C,AP-3,Drought,195,PCR_R_bc474,CATGCCAACA
Root1705ADrought2023,211,True Sample,Root,2023,1705,A,PI502120,Drought,196,PCR_R_bc475,TATTGCAGCA
Root1705BDrought2023,212,True Sample,Root,2023,1705,B,PI502120,Drought,197,PCR_R_bc476,AGATTCGCTC
PC_Mock_Plate1_2023,213,PCR Mock1,na,na,na,na,na,na,na,PCR_R_bc477,GAGTACAGTC
PCR_1_NC_plate1_2023,214,NEC,na,na,na,na,na,na,na,PCR_R_bc478,AGCCGGAGAG
PCR_2_NC_plate1_2023,215,NEC,na,na,na,na,na,na,na,PCR_R_bc479,CCTACATGAG
PCR_3_NC_plate1_2023,216,NEC,na,na,na,na,na,na,na,PCR_R_bc480,AAGGCCTTTA
Root1705CDrought2023,217,True Sample,Root,2023,1705,C,PI502120,Drought,198,PCR_R_bc481,TCCGTGGTAT
Root1801AIrrigated2023,218,True Sample,Root,2023,1801,A,PI502120,Irrigated,199,PCR_R_bc482,AGTTGTAGTC
Root1801BIrrigated2023,219,True Sample,Root,2023,1801,B,PI502120,Irrigated,200,PCR_R_bc483,CTTGTCTGGA
Root1801CIrrigated2023,220,True Sample,Root,2023,1801,C,PI502120,Irrigated,201,PCR_R_bc484,TCTACGGCAC
Root1803AIrrigated2023,221,True Sample,Root,2023,1803,A,AP-3,Irrigated,202,PCR_R_bc485,CACGAGCTAC
Root1803BIrrigated2023,222,True Sample,Root,2023,1803,B,AP-3,Irrigated,203,PCR_R_bc486,ACCGCATCAA
Root_NC4_2023,223,NEC,na,na,na,na,na,na,NEC,PCR_R_bc487,ATGCTGCAAC
Root1803CIrrigated2023,224,True Sample,Root,2023,1803,C,AP-3,Irrigated,204,PCR_R_bc488,AAGGTCAATC
Peg1101AIrrigated2023,225,True Sample,Peg,2023,1101,A,PI502120,Irrigated,205,PCR_R_bc489,ACCTACTTGT
Peg1101BIrrigated2023,226,True Sample,Peg,2023,1101,B,PI502120,Irrigated,206,PCR_R_bc490,ACTGGATCTC
Peg1101CIrrigated2023,227,True Sample,Peg,2023,1101,C,PI502120,Irrigated,207,PCR_R_bc491,TCAAGGGACC
Peg1102AIrrigated2023,228,True Sample,Peg,2023,1102,A,AP-3,Irrigated,208,PCR_R_bc492,TGCAGTCCTC
Peg1102BIrrigated2023,229,True Sample,Peg,2023,1102,B,AP-3,Irrigated,209,PCR_R_bc493,AAGTCGACAC
Peg1102CIrrigated2023,230,True Sample,Peg,2023,1102,C,AP-3,Irrigated,210,PCR_R_bc494,GTACGATATG
Peg1202ADrought2023,231,True Sample,Peg,2023,1202,A,AP-3,Drought,211,PCR_R_bc495,AACATTGCAG
Peg1202BDrought2023,232,True Sample,Peg,2023,1202,B,AP-3,Drought,212,PCR_R_bc496,CCGTGACAAC
Peg1202CDrought2023,233,True Sample,Peg,2023,1202,C,AP-3,Drought,213,PCR_R_bc497,TCGTCAAACC
Peg1204ADrought2023,234,True Sample,Peg,2023,1204,A,PI502120,Drought,214,PCR_R_bc498,CCATGAAGTG
Peg1204BDrought2023,235,True Sample,Peg,2023,1204,B,PI502120,Drought,215,PCR_R_bc499,GGAATTATCG
Peg1204CDrought2023,236,True Sample,Peg,2023,1204,C,PI502120,Drought,216,PCR_R_bc500,TAGACACCGT
Peg1302ADrought2023,237,True Sample,Peg,2023,1302,A,PI502120,Drought,217,PCR_R_bc501,TCCACAGGGT
Peg1302BDrought2023,238,True Sample,Peg,2023,1302,B,PI502120,Drought,218,PCR_R_bc502,TCATTAGCGT
Peg1302CDrought2023,239,True Sample,Peg,2023,1302,C,PI502120,Drought,219,PCR_R_bc503,CATCGCGTTG
Peg1304ADrought2023,240,True Sample,Peg,2023,1304,A,AP-3,Drought,220,PCR_R_bc504,ATGTCGAATA
Peg1304BDrought2023,241,True Sample,Peg,2023,1304,B,AP-3,Drought,221,PCR_R_bc505,TTATGTACGG
Peg1304CDrought2023,242,True Sample,Peg,2023,1304,C,AP-3,Drought,222,PCR_R_bc506,TCGGGCTCTT
Peg1401AIrrigated2023,243,True Sample,Peg,2023,1401,A,PI502120,Irrigated,223,PCR_R_bc507,GCGTAGAGAG
Peg1401BIrrigated2023,244,True Sample,Peg,2023,1401,B,PI502120,Irrigated,224,PCR_R_bc508,AACCAGCAGA
Peg1401CIrrigated2023,245,True Sample,Peg,2023,1401,C,PI502120,Irrigated,225,PCR_R_bc509,TAATCGGTGC
Peg1403AIrrigated2023,246,True Sample,Peg,2023,1403,A,AP-3,Irrigated,226,PCR_R_bc510,GGCAAATACA
Peg_NC5_2023,247,NEC,na,na,na,na,na,na,NEC,PCR_R_bc511,CACAAGTATC
Peg1403BIrrigated2023,248,True Sample,Peg,2023,1403,B,AP-3,Irrigated,227,PCR_R_bc512,CTACAGGGTC
Peg1403CIrrigated2023,249,True Sample,Peg,2023,1403,C,AP-3,Irrigated,228,PCR_R_bc513,GTCATGCTCC
Peg1501AIrrigated2023,250,True Sample,Peg,2023,1501,A,AP-3,Irrigated,229,PCR_R_bc514,ATCGGGCTTA
Peg1501BIrrigated2023,251,True Sample,Peg,2023,1501,B,AP-3,Irrigated,230,PCR_R_bc515,CCTAGTAAGC
Peg1501CIrrigated2023,252,True Sample,Peg,2023,1501,C,AP-3,Irrigated,231,PCR_R_bc516,TTACCGACGA
Peg1503AIrrigated2023,253,True Sample,Peg,2023,1503,A,PI502120,Irrigated,232,PCR_R_bc517,TTACCTTACA
Peg1503BIrrigated2023,254,True Sample,Peg,2023,1503,B,PI502120,Irrigated,233,PCR_R_bc518,TGACTAATGG
Peg1503CIrrigated2023,255,True Sample,Peg,2023,1503,C,PI502120,Irrigated,234,PCR_R_bc519,GCATGCATCC
Peg1601ADrought2023,256,True Sample,Peg,2023,1601,A,AP-3,Drought,235,PCR_R_bc520,GACAGTAGCT
Peg1601BDrought2023,257,True Sample,Peg,2023,1601,B,AP-3,Drought,236,PCR_R_bc521,TGAACGTTGG
Peg1601CDrought2023,258,True Sample,Peg,2023,1601,C,AP-3,Drought,237,PCR_R_bc522,AGTGTGAACG
Peg1604ADrought2023,259,True Sample,Peg,2023,1604,A,PI502120,Drought,238,PCR_R_bc523,ATTGCAAGCA
Peg1604BDrought2023,260,True Sample,Peg,2023,1604,B,PI502120,Drought,239,PCR_R_bc524,ATCACCAGGT
Peg1604CDrought2023,261,True Sample,Peg,2023,1604,C,PI502120,Drought,240,PCR_R_bc525,TTGATCCGGT
Peg1702ADrought2023,262,True Sample,Peg,2023,1702,A,AP-3,Drought,241,PCR_R_bc526,CACAGTTGAA
Peg1702BDrought2023,263,True Sample,Peg,2023,1702,B,AP-3,Drought,242,PCR_R_bc527,CTAGGATCAC
Peg1702CDrought2023,264,True Sample,Peg,2023,1702,C,AP-3,Drought,243,PCR_R_bc528,GCTGTTTGAC
Peg1705ADrought2023,265,True Sample,Peg,2023,1705,A,PI502120,Drought,244,PCR_R_bc529,GATGACCCAA
Peg1705BDrought2023,266,True Sample,Peg,2023,1705,B,PI502120,Drought,245,PCR_R_bc530,CGAATACTGA
Peg1705CDrought2023,267,True Sample,Peg,2023,1705,C,PI502120,Drought,246,PCR_R_bc531,TATCCTGGTT
Peg1801AIrrigated2023,268,True Sample,Peg,2023,1801,A,PI502120,Irrigated,247,PCR_R_bc532,ACCGGAGTAG
Peg1801BIrrigated2023,269,True Sample,Peg,2023,1801,B,PI502120,Irrigated,248,PCR_R_bc533,TAAGCTAAAC
Peg1801CIrrigated2023,270,True Sample,Peg,2023,1801,C,PI502120,Irrigated,249,PCR_R_bc534,CGGGTGTTTG
Peg_NC6_2023,271,NEC,na,na,na,na,na,na,NEC,PCR_R_bc535,TTGGAACGGC
Peg1803AIrrigated2023,272,True Sample,Peg,2023,1803,A,AP-3,Irrigated,250,PCR_R_bc536,CATTGGGAGT
Peg1803BIrrigated2023,273,True Sample,Peg,2023,1803,B,AP-3,Irrigated,251,PCR_R_bc537,GATCGGTTAA
Peg1803CIrrigated2023,274,True Sample,Peg,2023,1803,C,AP-3,Irrigated,252,PCR_R_bc538,TGACCGGCTG
Peg_NC7_2023,275,NEC,na,na,na,na,na,na,NEC,PCR_R_bc539,CAGCGACTGT
Soil1101AIrrigated2024,276,True Sample,Soil,2024,1101,A,PI502120,Irrigated,253,PCR_R_bc540,AGCGACGAAG
Soil1101BIrrigated2024,277,True Sample,Soil,2024,1101,B,PI502120,Irrigated,254,PCR_R_bc541,GAACACTTTG
Soil1101CIrrigated2024,278,True Sample,Soil,2024,1101,C,PI502120,Irrigated,255,PCR_R_bc542,GAGCCCAAAG
Soil1104AIrrigated2024,279,True Sample,Soil,2024,1104,A,PI39,Irrigated,256,PCR_R_bc543,CTTCCCTAAC
Soil1104BIrrigated2024,280,True Sample,Soil,2024,1104,B,PI39,Irrigated,257,PCR_R_bc544,CGATCACCAC
Soil1104CIrrigated2024,281,True Sample,Soil,2024,1104,C,PI39,Irrigated,258,PCR_R_bc545,GCCCAAGTTC
Soil1203ADrought2024,282,True Sample,Soil,2024,1203,A,PI39,Drought,259,PCR_R_bc546,GATATACCAG
Soil1203BDrought2024,283,True Sample,Soil,2024,1203,B,PI39,Drought,260,PCR_R_bc547,GTAGACATGT
Soil1203CDrought2024,284,True Sample,Soil,2024,1203,C,PI39,Drought,261,PCR_R_bc548,TACAGTTACG
Soil1205ADrought2024,285,True Sample,Soil,2024,1205,A,PI502120,Drought,262,PCR_R_bc549,ATCCCAGCAT
Soil1205BDrought2024,286,True Sample,Soil,2024,1205,B,PI502120,Drought,263,PCR_R_bc550,GAGCCATCTG
Soil1205CDrought2024,287,True Sample,Soil,2024,1205,C,PI502120,Drought,264,PCR_R_bc551,CTGAGCTCTG
Soil1302ADrought2024,288,True Sample,Soil,2024,1302,A,PI502120,Drought,265,PCR_R_bc552,GCTTCCAGAC
Soil1302BDrought2024,289,True Sample,Soil,2024,1302,B,PI502120,Drought,266,PCR_R_bc553,CTTCGACTTT
Soil1302CDrought2024,290,True Sample,Soil,2024,1302,C,PI502120,Drought,267,PCR_R_bc554,GTCCGCAAGT
Soil1304ADrought2024,291,True Sample,Soil,2024,1304,A,PI39,Drought,268,PCR_R_bc555,ATCCGTCTGA
Soil1304BDrought2024,292,True Sample,Soil,2024,1304,B,PI39,Drought,269,PCR_R_bc556,CGTAGAGCTC
Soil1304CDrought2024,293,True Sample,Soil,2024,1304,C,PI39,Drought,270,PCR_R_bc557,CCTCTGAGAG
Soil1404AIrrigated2024,294,True Sample,Soil,2024,1404,A,PI502120,Irrigated,271,PCR_R_bc558,CCTCGGGTAC
Soil1404BIrrigated2024,295,True Sample,Soil,2024,1404,B,PI502120,Irrigated,272,PCR_R_bc559,CGTGCACAAT
Soil1404CIrrigated2024,296,True Sample,Soil,2024,1404,C,PI502120,Irrigated,273,PCR_R_bc560,TAACGTGTGT
Soil1401AIrrigated2024,297,True Sample,Soil,2024,1401,A,PI39,Irrigated,274,PCR_R_bc561,TTGACCGCGG
Soil1401BIrrigated2024,298,True Sample,Soil,2024,1401,B,PI39,Irrigated,275,PCR_R_bc562,TACGTGATCC
Soil1401CIrrigated2024,299,True Sample,Soil,2024,1401,C,PI39,Irrigated,276,PCR_R_bc563,TGGGTAGATC
Soil_NC1_2024,300,NEC,na,2024,na,na,na,na,NEC,PCR_R_bc564,AGCAATCGGT
Soil1504AIrrigated2024,301,True Sample,Soil,2024,1504,A,PI39,Irrigated,277,PCR_R_bc565,GTTGGACGAA
Soil1504BIrrigated2024,302,True Sample,Soil,2024,1504,B,PI39,Irrigated,278,PCR_R_bc566,TTGGGTACAC
Soil1504CIrrigated2024,303,True Sample,Soil,2024,1504,C,PI39,Irrigated,279,PCR_R_bc567,ACACTATGAA
Soil1501AIrrigated2024,304,True Sample,Soil,2024,1501,A,PI502120,Irrigated,280,PCR_R_bc568,ACGGAAATCC
Soil1501BIrrigated2024,305,True Sample,Soil,2024,1501,B,PI502120,Irrigated,281,PCR_R_bc569,GGTTTCTATC
Soil1501CIrrigated2024,306,True Sample,Soil,2024,1501,C,PI502120,Irrigated,282,PCR_R_bc570,TGGTTATGGC
Soil1602ADrought2024,307,True Sample,Soil,2024,1602,A,PI39,Drought,283,PCR_R_bc571,TCGGTTACGC
Soil1602BDrought2024,308,True Sample,Soil,2024,1602,B,PI39,Drought,284,PCR_R_bc572,CGAGGTTCTG
PC_Mock_Plate2_2024,309,PCR Mock2,na,na,na,na,na,na,na,PCR_R_bc573,TGCTACAGAC
PCR_1_NC_plate2_2024,310,PCR_NEC,na,na,na,na,na,na,na,PCR_R_bc574,GTGCAACCAA
PCR_2_NC_plate2_2024,311,PCR_NEC,na,na,na,na,na,na,na,PCR_R_bc575,TGAGTGGTCT
PCR_3_NC_plate2_2024,312,PCR_NEC,na,na,na,na,na,na,na,PCR_R_bc576,CGATTGTTCC
Soil1602CDrought2024,313,True Sample,Soil,2024,1602,C,PI39,Drought,285,PCR_R_bc673,ACAGGGTTTG
Soil1601ADrought2024,314,True Sample,Soil,2024,1601,A,PI502120,Drought,286,PCR_R_bc674,ACGAGTTTAC
Soil1601BDrought2024,315,True Sample,Soil,2024,1601,B,PI502120,Drought,287,PCR_R_bc675,TGGTCAACGA
Soil1601CDrought2024,316,True Sample,Soil,2024,1601,C,PI502120,Drought,288,PCR_R_bc676,AAGCCCAGCA
Soil1701ADrought2024,317,True Sample,Soil,2024,1701,A,PI39,Drought,289,PCR_R_bc677,CAAACCTATG
Soil1701BDrought2024,318,True Sample,Soil,2024,1701,B,PI39,Drought,290,PCR_R_bc678,GGTGAAACCT
Soil1701CDrought2024,319,True Sample,Soil,2024,1701,C,PI39,Drought,291,PCR_R_bc679,ACCATCCAAC
Soil1802AIrrigated2024,320,True Sample,Soil,2024,1802,A,PI502120,Irrigated,292,PCR_R_bc680,GCAAGTGTGA
Soil1802BIrrigated2024,321,True Sample,Soil,2024,1802,B,PI502120,Irrigated,293,PCR_R_bc681,GCAATAGGAG
Soil1802CIrrigated2024,322,True Sample,Soil,2024,1802,C,PI502120,Irrigated,294,PCR_R_bc682,GCGCTTAGAA
Soil1805AIrrigated2024,323,True Sample,Soil,2024,1805,A,PI39,Irrigated,295,PCR_R_bc683,AGGTGTATCA
Soil1805BIrrigated2024,324,True Sample,Soil,2024,1805,B,PI39,Irrigated,296,PCR_R_bc684,CATAGGCCAT
Soil1805CIrrigated2024,325,True Sample,Soil,2024,1805,C,PI39,Irrigated,297,PCR_R_bc685,CGACACGGAG
Soil_NC2_2024,326,NEC,na,2024,na,na,na,na,NEC,PCR_R_bc686,GAACCTATGA
Root1101AIrrigated2024,327,True Sample,Root,2024,1101,A,PI502120,Irrigated,298,PCR_R_bc687,CCTTGGAATC
Root1101BIrrigated2024,328,True Sample,Root,2024,1101,B,PI502120,Irrigated,299,PCR_R_bc688,CACTTGCTCT
Root1101CIrrigated2024,329,True Sample,Root,2024,1101,C,PI502120,Irrigated,300,PCR_R_bc689,GAACAGCTCT
Root1104AIrrigated2024,330,True Sample,Root,2024,1104,A,PI39,Irrigated,301,PCR_R_bc690,GCCAATCCAA
Root1104BIrrigated2024,331,True Sample,Root,2024,1104,B,PI39,Irrigated,302,PCR_R_bc691,CCTTCAATGG
Root1104CIrrigated2024,332,True Sample,Root,2024,1104,C,PI39,Irrigated,303,PCR_R_bc692,CTGGAACATT
Root1203ADrought2024,333,True Sample,Root,2024,1203,A,PI39,Drought,304,PCR_R_bc693,TGGTCGCATC
Root1203BDrought2024,334,True Sample,Root,2024,1203,B,PI39,Drought,305,PCR_R_bc694,TTAGCCCAGC
Root1203CDrought2024,335,True Sample,Root,2024,1203,C,PI39,Drought,306,PCR_R_bc695,AATGGTTCAG
Root1205ADrought2024,336,True Sample,Root,2024,1205,A,PI502120,Drought,307,PCR_R_bc696,ACATACTGAG
Root1205BDrought2024,337,True Sample,Root,2024,1205,B,PI502120,Drought,308,PCR_R_bc697,TTAAGCGCCT
Root1205CDrought2024,338,True Sample,Root,2024,1205,C,PI502120,Drought,309,PCR_R_bc698,CGCGCCTTAA
Root1302ADrought2024,339,True Sample,Root,2024,1302,A,PI502120,Drought,310,PCR_R_bc699,TCAACCCGTG
Root1302BDrought2024,340,True Sample,Root,2024,1302,B,PI502120,Drought,311,PCR_R_bc700,TCCGCGCAAG
Root1302CDrought2024,341,True Sample,Root,2024,1302,C,PI502120,Drought,312,PCR_R_bc701,GTTTGAAACA
Root1304ADrought2024,342,True Sample,Root,2024,1304,A,PI39,Drought,313,PCR_R_bc702,TGCGGGATTC
Root1304BDrought2024,343,True Sample,Root,2024,1304,B,PI39,Drought,314,PCR_R_bc703,TAACCACCAA
Root1304CDrought2024,344,True Sample,Root,2024,1304,C,PI39,Drought,315,PCR_R_bc704,TCGCCAGTGC
Root1404AIrrigated2024,345,True Sample,Root,2024,1404,A,PI502120,Irrigated,316,PCR_R_bc705,TGCGTCAGCT
Root1404BIrrigated2024,346,True Sample,Root,2024,1404,B,PI502120,Irrigated,317,PCR_R_bc706,TGTAAGACTT
Root1404CIrrigated2024,347,True Sample,Root,2024,1404,C,PI502120,Irrigated,318,PCR_R_bc707,CGAAATGCAT
Root1401AIrrigated2024,348,True Sample,Root,2024,1401,A,PI39,Irrigated,319,PCR_R_bc708,ATGATCGGTA
Root1401BIrrigated2024,349,True Sample,Root,2024,1401,B,PI39,Irrigated,320,PCR_R_bc709,TTACCCGCAC
Root1401CIrrigated2024,350,True Sample,Root,2024,1401,C,PI39,Irrigated,321,PCR_R_bc710,GCTCCGACCA
Root_NC3_2024,351,NEC,na,2024,na,na,na,na,NEC,PCR_R_bc711,CAAACTGCGT
Root1504AIrrigated2024,352,True Sample,Root,2024,1504,A,PI39,Irrigated,322,PCR_R_bc712,GAAGGAAAGT
Root1504BIrrigated2024,353,True Sample,Root,2024,1504,B,PI39,Irrigated,323,PCR_R_bc713,AATGCAATGC
Root1504CIrrigated2024,354,True Sample,Root,2024,1504,C,PI39,Irrigated,324,PCR_R_bc714,GACCGATAGG
Root1501AIrrigated2024,355,True Sample,Root,2024,1501,A,PI502120,Irrigated,325,PCR_R_bc715,GGACTATCGT
Root1501BIrrigated2024,356,True Sample,Root,2024,1501,B,PI502120,Irrigated,326,PCR_R_bc716,CAACGCTAGA
Root1501CIrrigated2024,357,True Sample,Root,2024,1501,C,PI502120,Irrigated,327,PCR_R_bc717,GCTATATCCA
Root1602ADrought2024,358,True Sample,Root,2024,1602,A,PI39,Drought,328,PCR_R_bc718,TATTCCCACG
Root1602BDrought2024,359,True Sample,Root,2024,1602,B,PI39,Drought,329,PCR_R_bc719,GACAACGAAT
Root1602CDrought2024,360,True Sample,Root,2024,1602,C,PI39,Drought,330,PCR_R_bc720,CCATTAGTTC
Root1601ADrought2024,361,True Sample,Root,2024,1601,A,PI502120,Drought,331,PCR_R_bc721,TCGGATCTGT
Root1601BDrought2024,362,True Sample,Root,2024,1601,B,PI502120,Drought,332,PCR_R_bc722,GCCGGTACTC
Root1601CDrought2024,363,True Sample,Root,2024,1601,C,PI502120,Drought,333,PCR_R_bc723,AGAATAGCGC
Root1701ADrought2024,364,True Sample,Root,2024,1701,A,PI39,Drought,334,PCR_R_bc724,GGTGGCATGG
Root1701BDrought2024,365,True Sample,Root,2024,1701,B,PI39,Drought,335,PCR_R_bc725,AGAGACGCGT
Root1701CDrought2024,366,True Sample,Root,2024,1701,C,PI39,Drought,336,PCR_R_bc726,GTTATGACGG
Root1802AIrrigated2024,367,True Sample,Root,2024,1802,A,PI502120,Irrigated,337,PCR_R_bc727,TCGCATGGAT
Root1802BIrrigated2024,368,True Sample,Root,2024,1802,B,PI502120,Irrigated,338,PCR_R_bc728,CACAGGATTA
Root1802CIrrigated2024,369,True Sample,Root,2024,1802,C,PI502120,Irrigated,339,PCR_R_bc729,CGATCTTCGA
Root1805AIrrigated2024,370,True Sample,Root,2024,1805,A,PI39,Irrigated,340,PCR_R_bc730,CGATATCAGT
Root1805BIrrigated2024,371,True Sample,Root,2024,1805,B,PI39,Irrigated,341,PCR_R_bc731,CAACAATGCC
Root1805CIrrigated2024,372,True Sample,Root,2024,1805,C,PI39,Irrigated,342,PCR_R_bc732,GCCCGACATA
Root_NC4_2024,373,NEC,na,2024,na,na,na,na,NEC,PCR_R_bc733,AGTATTCGCG
Peg1101AIrrigated2024,374,True Sample,Peg,2024,1101,A,PI502120,Irrigated,343,PCR_R_bc734,TGCCAACAAC
Peg1101BIrrigated2024,375,True Sample,Peg,2024,1101,B,PI502120,Irrigated,344,PCR_R_bc735,AGTGCTAGGT
Peg1101CIrrigated2024,376,True Sample,Peg,2024,1101,C,PI502120,Irrigated,345,PCR_R_bc736,CGGAAACTCC
Peg1104AIrrigated2024,377,True Sample,Peg,2024,1104,A,PI39,Irrigated,346,PCR_R_bc737,GGTACCTGCA
Peg1104BIrrigated2024,378,True Sample,Peg,2024,1104,B,PI39,Irrigated,347,PCR_R_bc738,GTCTGACGGT
Peg1104CIrrigated2024,379,True Sample,Peg,2024,1104,C,PI39,Irrigated,348,PCR_R_bc739,GTCGAATTTG
Peg1203ADrought2024,380,True Sample,Peg,2024,1203,A,PI39,Drought,349,PCR_R_bc740,GAAACCAAGC
Peg1203BDrought2024,381,True Sample,Peg,2024,1203,B,PI39,Drought,350,PCR_R_bc741,TAACCCGATA
Peg1203CDrought2024,382,True Sample,Peg,2024,1203,C,PI39,Drought,351,PCR_R_bc742,GTGTGCTAAC
Peg1205ADrought2024,383,True Sample,Peg,2024,1205,A,PI502120,Drought,352,PCR_R_bc743,TGTTCTGAGA
Peg1205BDrought2024,384,True Sample,Peg,2024,1205,B,PI502120,Drought,353,PCR_R_bc744,ATTGCTGGTC
Peg1205CDrought2024,385,True Sample,Peg,2024,1205,C,PI502120,Drought,354,PCR_R_bc745,ATCTCGCTGG
Peg1302ADrought2024,386,True Sample,Peg,2024,1302,A,PI502120,Drought,355,PCR_R_bc746,GCGCGTGTAT
Peg1302BDrought2024,387,True Sample,Peg,2024,1302,B,PI502120,Drought,356,PCR_R_bc747,AACGCGAAAT
Peg1302CDrought2024,388,True Sample,Peg,2024,1302,C,PI502120,Drought,357,PCR_R_bc748,CCAGCTGGAC
Peg1304ADrought2024,389,True Sample,Peg,2024,1304,A,PI39,Drought,358,PCR_R_bc749,CTGCAGTAAG
Peg1304BDrought2024,390,True Sample,Peg,2024,1304,B,PI39,Drought,359,PCR_R_bc750,TCCGTCATGG
Peg1304CDrought2024,391,True Sample,Peg,2024,1304,C,PI39,Drought,360,PCR_R_bc751,GCACAAGGCA
Peg1404AIrrigated2024,392,True Sample,Peg,2024,1404,A,PI502120,Irrigated,361,PCR_R_bc752,TATAGGCTCC
Peg1404BIrrigated2024,393,True Sample,Peg,2024,1404,B,PI502120,Irrigated,362,PCR_R_bc753,CTCTAACCTC
Peg1404CIrrigated2024,394,True Sample,Peg,2024,1404,C,PI502120,Irrigated,363,PCR_R_bc754,GATTCGAGTG
Peg1401AIrrigated2024,395,True Sample,Peg,2024,1401,A,PI39,Irrigated,364,PCR_R_bc755,GCGAGTTCCT
Peg1401BIrrigated2024,396,True Sample,Peg,2024,1401,B,PI39,Irrigated,365,PCR_R_bc756,GGTAACCTCT
Peg1401CIrrigated2024,397,True Sample,Peg,2024,1401,C,PI39,Irrigated,366,PCR_R_bc757,AGCGAACCTG
Peg_NC5_2024,398,NEC,na,2024,na,na,na,na,NEC,PCR_R_bc758,ACATGCACAT
Peg1504AIrrigated2024,399,True Sample,Peg,2024,1504,A,PI39,Irrigated,367,PCR_R_bc759,ACACTGGTCC
Peg1504BIrrigated2024,400,True Sample,Peg,2024,1504,B,PI39,Irrigated,368,PCR_R_bc760,ATCCTTTGGT
Peg1504CIrrigated2024,401,True Sample,Peg,2024,1504,C,PI39,Irrigated,369,PCR_R_bc761,CGTTCTGGTG
Peg1501AIrrigated2024,402,True Sample,Peg,2024,1501,A,PI502120,Irrigated,370,PCR_R_bc762,CTGCATACTG
Peg1501BIrrigated2024,403,True Sample,Peg,2024,1501,B,PI502120,Irrigated,371,PCR_R_bc763,TAAAGCGAGG
Peg1501CIrrigated2024,404,True Sample,Peg,2024,1501,C,PI502120,Irrigated,372,PCR_R_bc764,CGACAACTTG
PC_Mock_Plate3_2024,405,PCR Mock3,na,na,na,na,na,na,na,PCR_R_bc765,CAGGGCCTTT
PCR_1_NC_plate3_2024,406,PCR_NEC,na,na,na,na,na,na,na,PCR_R_bc766,CGATGAATAT
PCR_2_NC_plate3_2024,407,PCR_NEC,na,na,na,na,na,na,na,PCR_R_bc767,GTCAATTAGT
PCR_3_NC_plate3_2024,408,PCR_NEC,na,na,na,na,na,na,na,PCR_R_bc768,AGTACGCAGT
Peg1602ADrought2024,409,True Sample,Peg,2024,1602,A,PI39,Drought,373,PCR_R_bc577,GATGGTTTCA
Peg1602BDrought2024,410,True Sample,Peg,2024,1602,B,PI39,Drought,374,PCR_R_bc578,TAATTGCAGA
Peg1602CDrought2024,411,True Sample,Peg,2024,1602,C,PI39,Drought,375,PCR_R_bc579,AAGGCGCTCC
Peg1601ADrought2024,412,True Sample,Peg,2024,1601,A,PI502120,Drought,376,PCR_R_bc580,AGTCGGCATC
Peg1601BDrought2024,413,True Sample,Peg,2024,1601,B,PI502120,Drought,377,PCR_R_bc581,TGTCTGACGC
Peg1601CDrought2024,414,True Sample,Peg,2024,1601,C,PI502120,Drought,378,PCR_R_bc582,TAGCGCGAAC
Peg1701ADrought2024,415,True Sample,Peg,2024,1701,A,PI39,Drought,379,PCR_R_bc583,ACCTCAGTCA
Peg1701BDrought2024,416,True Sample,Peg,2024,1701,B,PI39,Drought,380,PCR_R_bc584,GCTATGGAAC
Peg1701CDrought2024,417,True Sample,Peg,2024,1701,C,PI39,Drought,381,PCR_R_bc585,CTCCACATTC
Peg1802AIrrigated2024,418,True Sample,Peg,2024,1802,A,PI502120,Irrigated,382,PCR_R_bc586,CCACCCAGTA
Peg1802BIrrigated2024,419,True Sample,Peg,2024,1802,B,PI502120,Irrigated,383,PCR_R_bc587,AATCGCCCTT
Peg1802CIrrigated2024,420,True Sample,Peg,2024,1802,C,PI502120,Irrigated,384,PCR_R_bc588,CGGCGATGAA
Peg1805AIrrigated2024,421,True Sample,Peg,2024,1805,A,PI39,Irrigated,385,PCR_R_bc589,CCGCTACGTG
Peg1805BIrrigated2024,422,True Sample,Peg,2024,1805,B,PI39,Irrigated,386,PCR_R_bc590,CTGGTAAGTC
Peg1805CIrrigated2024,423,True Sample,Peg,2024,1805,C,PI39,Irrigated,387,PCR_R_bc591,AGAGCTCCTC
Peg_NC6_2024,424,NEC,na,2024,na,na,na,na,NEC,PCR_R_bc592,GACAAACCTT
PCR_1_NC_plate4_2024,425,PCR_NEC,na,na,na,na,na,na,na,PCR_R_bc593,TAATACGGAT
PCR_2_NC_plate4_2024,426,PCR_NEC,na,na,na,na,na,na,na,PCR_R_bc594,TACGCAGCAC
PCR_3_NC_plate4_2024,427,PCR_NEC,na,na,na,na,na,na,na,PCR_R_bc595,CGCTTAGTGC
